"ID","Description","GeneRatio","BgRatio","pvalue","p.adjust","qvalue","geneID","Count"
"R-HSA-1221632","Meiotic synapsis","1/2","78/11009",0.0141206646200678,0.0546497236933,0.0164360071258045,"SUN2",1
"R-HSA-1500620","Meiosis","1/2","117/11009",0.0211433443989801,0.0546497236933,0.0164360071258045,"SUN2",1
"R-HSA-1474165","Reproduction","1/2","154/11009",0.0277826829581296,0.0546497236933,0.0164360071258045,"SUN2",1
"R-HSA-375276","Peptide ligand-binding receptors","1/2","201/11009",0.036183859611692,0.0546497236933,0.0164360071258045,"EDN3",1
"R-HSA-416476","G alpha (q) signalling events","1/2","217/11009",0.0390355169237857,0.0546497236933,0.0164360071258045,"EDN3",1
"R-HSA-373076","Class A/1 (Rhodopsin-like receptors)","1/2","335/11009",0.0599360136368342,0.0699253492429733,0.0210301802234506,"EDN3",1
"R-HSA-500792","GPCR ligand binding","1/2","468/11009",0.0832178864755477,0.0832178864755477,0.0250279357821196,"EDN3",1
